Title,Description
"Electric Vehicle Population Data
 3582 recent views",State of Washington —
"Crime Data from 2020 to Present
 2906 recent views",City of Los Angeles —
"Fruit and Vegetable Prices
 1967 recent views",Department of Agriculture —
"FDIC Failed Bank List
 1677 recent views",Federal Deposit Insurance Corporation —
"Dynamic Small Business Search (DSBS)
 1638 recent views",Small Business Administration —
"Alzheimer's Disease and Healthy Aging Data
 1415 recent views",U.S. Department of Health & Human Services —
"National Obesity By State
 1328 recent views","Lake County, Illinois —"
"Air Quality
 1224 recent views",City of New York —
"National Student Loan Data System
 1092 recent views",Department of Education —
"U.S. Chronic Disease Indicators (CDI), 2023 Release
 1088 recent views",U.S. Department of Health & Human Services —
"Motor Vehicle Collisions - Crashes
 1028 recent views",City of New York —
"Lottery Powerball Winning Numbers: Beginning 2010
 931 recent views",State of New York —
"Supply Chain Greenhouse Gas Emission Factors v1.2 by NAICS-6
 916 recent views",U.S. Environmental Protection Agency —
"Lottery Mega Millions Winning Numbers: Beginning 2002
 916 recent views",State of New York —
"Death rates for suicide, by sex, race, Hispanic origin, and age: United States
 910 recent views",U.S. Department of Health & Human Services —
"Border Crossing Entry Data
 841 recent views",Department of Transportation —
"Real Estate Sales 2001-2022 GL
 829 recent views",State of Connecticut —
"Supply Chain Greenhouse Gas Emission Factors v1.3 by NAICS-6
 730 recent views",U.S. Environmental Protection Agency —
"U.S. Hourly Precipitation Data
 700 recent views","National Oceanic and Atmospheric Administration, Department of Commerce —"
"Food Price Outlook
 609 recent views",Department of Agriculture —
